Time_stamp,Original_load_kw,Net_load_w_ESS_kw,ESS_injection_kw
2017-01-01T000000,293.851129,285.922029,-7.92909998
2017-01-01T001500,294.0783066,287.0800573,-6.998249324
2017-01-01T003000,296.6186716,282.6794922,-13.93917938
2017-01-01T004500,298.8084835,287.1424314,-11.66605207
2017-01-01T010000,297.7319432,288.4281311,-9.303812087
2017-01-01T011500,290.0837801,287.2940946,-2.789685457
2017-01-01T013000,288,284.6407823,-3.359217662
2017-01-01T014500,294.4,289.2257342,-5.174265799
2017-01-01T020000,286.4,287.6630134,1.263013377
2017-01-01T021500,273.6,279.4102357,5.810235695
2017-01-01T023000,280,286.6196914,6.619691351
2017-01-01T024500,288,288.3481501,0.348150106
2017-01-01T030000,278.4,288.6965979,10.29659788
2017-01-01T031500,278.4,286.9726769,8.57267692
2017-01-01T033000,288.1885855,294.7365451,6.54795959
2017-01-01T034500,283.2,287.8034911,4.603491085
2017-01-01T040000,278.4,289.2587792,10.8587792
2017-01-01T041500,262.4,282.1243532,19.72435324
2017-01-01T043000,273.6,295.7096472,22.10964719
2017-01-01T044500,275.2,295.4787661,20.27876607
2017-01-01T050000,262.4,290.1713455,27.77134548
2017-01-01T051500,267.2,296.7987163,29.59871628
2017-01-01T053000,265.6,293.994536,28.39453605
2017-01-01T054500,268.8,294.8696077,26.06960768
2017-01-01T060000,267.2,295.3970847,28.19708468
2017-01-01T061500,254.4,287.2030574,32.80305738
2017-01-01T063000,251.2,284.4998132,33.29981321
2017-01-01T064500,257.6,293.496322,35.89632203
2017-01-01T070000,251.2,289.3931653,38.1931653
2017-01-01T071500,257.6,293.0241423,35.42414229
2017-01-01T073000,288,303.8763351,15.87633509
2017-01-01T074500,293.0876988,297.6915515,4.603852674
2017-01-01T080000,295.0290301,288.375948,-6.653082115
2017-01-01T081500,300.8999466,294.9464127,-5.95353391
2017-01-01T083000,273.6,274.0035787,0.403578663
2017-01-01T084500,264.9039284,265.3046988,0.400770397
2017-01-01T090000,230.2258475,230.6266179,0.400770397
2017-01-01T091500,236.7421163,237.1428867,0.400770397
2017-01-01T093000,233.8358057,234.2365761,0.400770397
2017-01-01T094500,230.4,230.80129,0.401289962
2017-01-01T100000,238.4665735,238.8806856,0.414112092
2017-01-01T101500,223.2866753,223.7007874,0.414112092
2017-01-01T103000,234.6442107,235.0583228,0.414112092
2017-01-01T104500,228.8377592,229.2518713,0.414112092
2017-01-01T110000,225.7812408,226.1953529,0.414112092
2017-01-01T111500,234.5182364,234.9433925,0.425156085
2017-01-01T113000,227.5270392,227.958676,0.431636792
2017-01-01T114500,235.922893,236.3508314,0.427938446
2017-01-01T120000,227.2,227.6318129,0.431812903
2017-01-01T121500,230.4,230.8797921,0.479792115
2017-01-01T123000,232,232.4797921,0.479792115
2017-01-01T124500,225.6,226.0797921,0.479792115
2017-01-01T130000,254.4,254.860416,0.460416043
2017-01-01T131500,254.4,254.9019597,0.501959706
2017-01-01T133000,254.4,254.8795774,0.479577383
2017-01-01T134500,262.4,262.8800501,0.48005007
2017-01-01T140000,246.4,246.8850152,0.485015211
2017-01-01T141500,246.4,246.8789863,0.478986331
2017-01-01T143000,246.4,246.7918979,0.391897907
2017-01-01T144500,262.4,262.7918979,0.391897907
2017-01-01T150000,251.2,251.5918979,0.391897907
2017-01-01T151500,259.2,259.5918979,0.391897907
2017-01-01T153000,257.6,257.9918979,0.391897907
2017-01-01T154500,264,264.3918979,0.391897907
2017-01-01T160000,259.2,259.5918979,0.391897907
2017-01-01T161500,252.8,253.1918979,0.391897907
2017-01-01T163000,260.8,261.1918979,0.391897907
2017-01-01T164500,260.8,261.0612653,0.261265272
2017-01-01T170000,264,264.2612653,0.261265272
2017-01-01T171500,259.2,258.4220342,-0.777965847
2017-01-01T173000,272,268.5161396,-3.483860423
2017-01-01T174500,278.4,273.9636234,-4.436376584
2017-01-01T180000,273.6,269.3063104,-4.293689553
2017-01-01T181500,272,267.0362965,-4.963703492
2017-01-01T183000,276.8,271.3002289,-5.499771134
2017-01-01T184500,272,265.4681413,-6.531858749
2017-01-01T190000,278.4,270.8823229,-7.517677092
2017-01-01T191500,275.2,266.2670704,-8.9329296
2017-01-01T193000,272,262.7279853,-9.272014684
2017-01-01T194500,284.8,277.5461801,-7.253819914
2017-01-01T200000,262.4,253.7304795,-8.669520545
2017-01-01T201500,252.8,241.3782427,-11.42175734
2017-01-01T203000,268.8,261.461858,-7.338141965
2017-01-01T204500,281.6,272.8995507,-8.700449312
2017-01-01T210000,278.4,264.1568291,-14.24317087
2017-01-01T211500,283.2,267.721002,-15.47899797
2017-01-01T213000,275.2,258.8886426,-16.31135744
2017-01-01T214500,281.6,264.0456093,-17.55439067
2017-01-01T220000,276.8,259.2486881,-17.55131193
2017-01-01T221500,275.2,257.4750267,-17.72497327
2017-01-01T223000,280,263.7391598,-16.26084018
2017-01-01T224500,286.4,269.9983058,-16.40169417
2017-01-01T230000,284.3775609,264.3803599,-19.99720098
2017-01-01T231500,276.8,256.704024,-20.09597601
2017-01-01T233000,276.9068611,258.9182762,-17.9885849
2017-01-01T234500,283.3395793,267.820383,-15.51919632
2017-01-02T000000,270.4,258.4377509,-11.96224913
2017-01-02T001500,270.4,260.9870212,-9.412978803
2017-01-02T003000,280,271.8776494,-8.122350562
2017-01-02T004500,273.6,264.259023,-9.340977036
2017-01-02T010000,276.8,270.934486,-5.865513978
2017-01-02T011500,280,274.1822643,-5.817735683
2017-01-02T013000,270.4,261.8421213,-8.557878663
2017-01-02T014500,280,272.9558675,-7.044132455
2017-01-02T020000,267.2,263.2703492,-3.929650808
2017-01-02T021500,256,253.1393147,-2.860685323
2017-01-02T023000,275.2,274.7804293,-0.419570747
2017-01-02T024500,275.2,269.6116881,-5.588311905
2017-01-02T030000,267.2,270.6556379,3.455637857
2017-01-02T031500,272,275.0131415,3.013141526
2017-01-02T033000,273.6,274.8039236,1.203923571
2017-01-02T034500,275.2,275.5726587,0.372658733
2017-01-02T040000,262.4,265.8759606,3.475960621
2017-01-02T041500,251.2,255.0657688,3.865768753
2017-01-02T043000,262.4,265.713074,3.313074036
2017-01-02T044500,254.4,254.4,0
2017-01-02T050000,246.4,246.4,0
2017-01-02T051500,251.2,251.2,0
2017-01-02T053000,244.8,244.8,0
2017-01-02T054500,262.4,262.4,0
2017-01-02T060000,252.8,252.8,0
2017-01-02T061500,251.2,249.5494247,-1.650575279
2017-01-02T063000,252.8,245.8943902,-6.905609845
2017-01-02T064500,248,241.0527632,-6.947236846
2017-01-02T070000,254.4,247.357533,-7.042467047
2017-01-02T071500,246.4,239.8005879,-6.59941208
2017-01-02T073000,280,269.2777763,-10.72222365
2017-01-02T074500,288,276.5778234,-11.42217665
2017-01-02T080000,287.1788455,275.7050804,-11.47376509
2017-01-02T081500,292.9009677,280.5965014,-12.30446629
2017-01-02T083000,270.4,270.4,0
2017-01-02T084500,255.7276368,268.1294498,12.40181297
2017-01-02T090000,235.560496,254.9168022,19.35630621
2017-01-02T091500,252.2543736,271.4538574,19.19948384
2017-01-02T093000,250.279762,269.784401,19.504639
2017-01-02T094500,249.6,269.3987181,19.79871812
2017-01-02T100000,245.1046594,265.1650107,20.06035133
2017-01-02T101500,239.1920291,259.2801012,20.08807207
2017-01-02T103000,240,260.7186275,20.71862747
2017-01-02T104500,237.7103471,259.0103102,21.29996314
2017-01-02T110000,240,261.525411,21.525411
2017-01-02T111500,240,262.773734,22.77373403
2017-01-02T113000,236.8,260.0929404,23.29294036
2017-01-02T114500,242.1297942,265.3708696,23.24107541
2017-01-02T120000,231.5598127,255.9186722,24.3588595
2017-01-02T121500,227.0253196,251.5081267,24.48280711
2017-01-02T123000,228.8,251.2794184,22.47941845
2017-01-02T124500,223.9686585,241.8869655,17.91830704
2017-01-02T130000,243.2,261.4588671,18.25886711
2017-01-02T131500,260.8,273.5562333,12.75623331
2017-01-02T133000,249.6,259.3692729,9.769272922
2017-01-02T134500,260.8,273.5619521,12.76195209
2017-01-02T140000,256,272.4803931,16.48039311
2017-01-02T141500,248,258.0598376,10.05983763
2017-01-02T143000,259.2,270.9510494,11.75104942
2017-01-02T144500,270.4,280.059018,9.659017995
2017-01-02T150000,262.4,268.3924003,5.99240035
2017-01-02T151500,257.6,261.7337983,4.133798268
2017-01-02T153000,273.6,279.824946,6.224946014
2017-01-02T154500,276.8,279.8177611,3.01776113
2017-01-02T160000,278.4,280.3835991,1.98359908
2017-01-02T161500,280,281.57055,1.57054996
2017-01-02T163000,273.6,272.8867649,-0.713235146
2017-01-02T164500,281.6,283.9574702,2.357470173
2017-01-02T170000,278.4,279.029639,0.629638963
2017-01-02T171500,281.6,278.3733021,-3.226697869
2017-01-02T173000,278.4,267.9992481,-10.40075195
2017-01-02T174500,288,278.9717981,-9.028201874
2017-01-02T180000,288,281.2567692,-6.743230776
2017-01-02T181500,283.2,272.1019673,-11.09803269
2017-01-02T183000,288,277.3821181,-10.61788188
2017-01-02T184500,283.2,273.7767049,-9.423295095
2017-01-02T190000,276.8,270.0846651,-6.715334902
2017-01-02T191500,275.2,268.8006977,-6.399302324
2017-01-02T193000,281.6,271.18458,-10.41542
2017-01-02T194500,281.7595949,271.1007211,-10.65887381
2017-01-02T200000,272.1191945,276.6320971,4.512902563
2017-01-02T201500,267.2,258.2905772,-8.909422752
2017-01-02T203000,267.2,257.6997431,-9.500256868
2017-01-02T204500,288,280.310667,-7.689333026
2017-01-02T210000,284.8,272.8185764,-11.9814236
2017-01-02T211500,275.2,257.7779395,-17.42206054
2017-01-02T213000,288,273.9195849,-14.08041508
2017-01-02T214500,291.2,274.1093279,-17.09067209
2017-01-02T220000,286.4,268.8109011,-17.58909892
2017-01-02T221500,292.8,275.9679876,-16.83201236
2017-01-02T223000,286.6319431,268.9366614,-17.69528167
2017-01-02T224500,288,270.6883445,-17.3116555
2017-01-02T230000,284.8,267.8599009,-16.94009908
2017-01-02T231500,283.2,267.069601,-16.13039901
2017-01-02T233000,276.8671231,261.3338651,-15.53325801
2017-01-02T234500,289.6,278.0697142,-11.53028576
2017-01-03T000000,293.6140521,283.716593,-9.89745908
2017-01-03T001500,286.4,273.2869781,-13.11302188
2017-01-03T003000,283.4228326,271.2252777,-12.19755491
2017-01-03T004500,286.4345846,279.8769893,-6.557595286
2017-01-03T010000,281.9317425,278.9517039,-2.980038578
2017-01-03T011500,291.6764104,291.2900784,-0.386332049
2017-01-03T013000,283.0912082,277.775431,-5.315777158
2017-01-03T014500,293.0009082,287.9304138,-5.070494414
2017-01-03T020000,284.8,285.9116087,1.111608729
2017-01-03T021500,280,280.5262177,0.526217684
2017-01-03T023000,272,270.9071787,-1.092821311
2017-01-03T024500,286.4,287.7366497,1.336649661
2017-01-03T030000,267.2,273.4800281,6.280028126
2017-01-03T031500,268.8,276.3675027,7.5675027
2017-01-03T033000,278.4,286.2543997,7.854399718
2017-01-03T034500,280,286.3887076,6.388707615
2017-01-03T040000,275.2,279.1360753,3.936075303
2017-01-03T041500,273.6,275.9023518,2.302351753
2017-01-03T043000,267.2,267.2,0
2017-01-03T044500,267.2,267.2,0
2017-01-03T050000,256,256,0
2017-01-03T051500,250.0975284,250.0975284,0
2017-01-03T053000,254.7084783,254.7084783,0
2017-01-03T054500,259.0153661,259.0153661,0
2017-01-03T060000,256,256,0
2017-01-03T061500,256,253.5787782,-2.421221819
2017-01-03T063000,249.6,243.2088073,-6.391192666
2017-01-03T064500,257.6,249.7132739,-7.886726065
2017-01-03T070000,249.6,240.8786756,-8.721324438
2017-01-03T071500,249.6,240.6409364,-8.959063609
2017-01-03T073000,284.8,275.3037794,-9.496220568
2017-01-03T074500,292.8,282.5184262,-10.28157376
2017-01-03T080000,289.6632933,279.1528711,-10.51042225
2017-01-03T081500,294.4,284.37346,-10.02654002
2017-01-03T083000,273.6,280.0721694,6.472169371
2017-01-03T084500,257.4222793,274.8868004,17.46452108
2017-01-03T090000,242.9132804,260.2715391,17.35825866
2017-01-03T091500,243.0736251,260.2938231,17.22019795
2017-01-03T093000,253.8198557,270.704797,16.88494134
2017-01-03T094500,241.6360546,258.7913012,17.15524662
2017-01-03T100000,246.693646,263.7689755,17.07532949
2017-01-03T101500,236.0605054,253.2775765,17.21707111
2017-01-03T103000,234.9200696,252.1583681,17.23829847
2017-01-03T104500,235.5295935,252.7996567,17.27006317
2017-01-03T110000,232.1205696,249.4221499,17.30158033
2017-01-03T111500,227.1349442,244.493406,17.35846175
2017-01-03T113000,232,248.8234472,16.82344722
2017-01-03T114500,230.4,247.1778447,16.77784472
2017-01-03T120000,220.8,237.2104139,16.41041385
2017-01-03T121500,222.4,238.1795899,15.7795899
2017-01-03T123000,222.4,238.0667047,15.6667047
2017-01-03T124500,222.4,237.9184638,15.51846385
2017-01-03T130000,238.4,253.4725034,15.07250336
2017-01-03T131500,249.6,264.208216,14.60821602
2017-01-03T133000,243.2,257.92706,14.72706002
2017-01-03T134500,254.4,268.4357443,14.03574426
2017-01-03T140000,246.4,260.4450864,14.04508635
2017-01-03T141500,251.2,265.1213793,13.92137926
2017-01-03T143000,254.4,268.6845806,14.28458064
2017-01-03T144500,264,278.437927,14.43792702
2017-01-03T150000,260.8,274.6432634,13.8432634
2017-01-03T151500,259.2,270.6170322,11.4170322
2017-01-03T153000,265.6,277.2704497,11.67044971
2017-01-03T154500,262.4,274.7444101,12.34441006
2017-01-03T160000,270.4,281.5546393,11.1546393
2017-01-03T161500,270.4,277.2357412,6.835741227
2017-01-03T163000,267.2,273.0767497,5.876749702
2017-01-03T164500,278.4,286.433232,8.033232041
2017-01-03T170000,281.6,287.9502704,6.350270391
2017-01-03T171500,278.4,278.1942664,-0.20573365
2017-01-03T173000,281.6,279.2335029,-2.36649713
2017-01-03T174500,289.6245361,287.2034486,-2.421087508
2017-01-03T180000,286.4,284.5062703,-1.893729714
2017-01-03T181500,284.8,280.407524,-4.392475962
2017-01-03T183000,283.2,277.785583,-5.414416996
2017-01-03T184500,276.8,272.5907473,-4.20925267
2017-01-03T190000,284.8,283.8540135,-0.945986459
2017-01-03T191500,281.6,274.637728,-6.962271974
2017-01-03T193000,276.8,266.4997297,-10.30027033
2017-01-03T194500,289.6,283.5597309,-6.040269124
2017-01-03T200000,272,274.9730544,2.973054401
2017-01-03T201500,265.6,255.4054971,-10.19450291
2017-01-03T203000,276.8,269.2886584,-7.511341609
2017-01-03T204500,280,271.5421299,-8.457870107
2017-01-03T210000,283.2,272.9783642,-10.22163578
2017-01-03T211500,286.4,271.6905957,-14.70940433
2017-01-03T213000,292.8,275.6306584,-17.16934156
2017-01-03T214500,292.8,272.2826889,-20.51731111
2017-01-03T220000,297.6703645,278.6088883,-19.0614762
2017-01-03T221500,297.6815964,279.595094,-18.08650237
2017-01-03T223000,288,267.1764717,-20.82352832
2017-01-03T224500,295.440852,274.8610604,-20.57979161
2017-01-03T230000,286.6663348,266.1122485,-20.55408632
2017-01-03T231500,290.1977493,270.847856,-19.34989325
2017-01-03T233000,289.5739281,269.2417603,-20.33216783
2017-01-03T234500,297.6,278.7583272,-18.84167279
2017-01-04T000000,286.4197339,271.8552887,-14.56444519
2017-01-04T001500,286.4364004,274.0387743,-12.39762607
2017-01-04T003000,288.0486214,277.0748468,-10.97377462
2017-01-04T004500,291.2,281.3321792,-9.867820796
2017-01-04T010000,287.604785,277.0849439,-10.51984113
2017-01-04T011500,292.7438977,286.1060117,-6.637885962
2017-01-04T013000,286.3984783,277.2895464,-9.108931857
2017-01-04T014500,289.5623931,280.2672997,-9.295093418
2017-01-04T020000,281.6,277.3009099,-4.299090116
2017-01-04T021500,276.8,272.5815692,-4.218430824
2017-01-04T023000,285.1298436,280.2462183,-4.883625288
2017-01-04T024500,289.904057,281.9060092,-7.998047831
2017-01-04T030000,267.1782742,269.1676662,1.989391997
2017-01-04T031500,276.8,281.1175335,4.317533458
2017-01-04T033000,278.4,281.1509423,2.750942339
2017-01-04T034500,280,281.8591595,1.859159471
2017-01-04T040000,276.8,282.0835391,5.283539076
2017-01-04T041500,265.6,268.37776,2.777759959
2017-01-04T043000,270.4,271.834281,1.434280989
2017-01-04T044500,257.6,258.6843901,1.084390133
2017-01-04T050000,260.8,260.8,0
2017-01-04T051500,257.6,257.6,0
2017-01-04T053000,249.6,249.6,0
2017-01-04T054500,260.8,260.8,0
2017-01-04T060000,259.2,259.2,0
2017-01-04T061500,257.6,257.6,0
2017-01-04T063000,249.6,246.6004349,-2.99956511
2017-01-04T064500,252.8,249.6325572,-3.167442844
2017-01-04T070000,251.2,247.269764,-3.93023598
2017-01-04T071500,248,244.1145956,-3.885404428
2017-01-04T073000,280,273.0994839,-6.900516058
2017-01-04T074500,286.4,279.1514472,-7.248552769
2017-01-04T080000,286.5682074,278.3521214,-8.216086024
2017-01-04T081500,296,286.0882524,-9.911747615
2017-01-04T083000,267.2,268.1945348,0.99453479
2017-01-04T084500,256.8707959,275.1049845,18.23418862
2017-01-04T090000,235.3519902,253.5505064,18.19851623
2017-01-04T091500,239.7117387,257.8382679,18.12652919
2017-01-04T093000,239.134597,257.242492,18.10789502
2017-01-04T094500,236.0582933,254.0414606,17.98316732
2017-01-04T100000,238.7096484,256.5936396,17.8839912
2017-01-04T101500,220.4982509,238.3057517,17.80750084
2017-01-04T103000,225.6,243.0875877,17.48758767
2017-01-04T104500,226.2413359,243.6919241,17.45058824
2017-01-04T110000,230.5372958,247.8741197,17.33682391
2017-01-04T111500,227.5291262,245.1012513,17.57212511
2017-01-04T113000,231.6754235,248.5707109,16.89528737
2017-01-04T114500,227.2,244.1859602,16.9859602
2017-01-04T120000,219.2,235.7186724,16.51867241
2017-01-04T121500,217.6,233.8456547,16.24565465
2017-01-04T123000,219.2,235.4519389,16.25193888
2017-01-04T124500,216,232.2707969,16.27079687
2017-01-04T130000,232,248.3270293,16.32702932
2017-01-04T131500,249.6,265.8300343,16.23003427
2017-01-04T133000,238.4,254.1749916,15.77499164
2017-01-04T134500,248,262.9913315,14.99133155
2017-01-04T140000,246.4,261.2137446,14.81374463
2017-01-04T141500,248,262.4843398,14.48433976
2017-01-04T143000,252.8,267.4805076,14.68050762
2017-01-04T144500,256,270.5914527,14.59145274
2017-01-04T150000,249.6,263.6770692,14.07706918
2017-01-04T151500,267.2,278.6578102,11.45781024
2017-01-04T153000,262.4,269.196148,6.796148049
2017-01-04T154500,267.2,274.8204974,7.620497361
2017-01-04T160000,276.8,285.3423896,8.542389565
2017-01-04T161500,265.6,272.0138097,6.413809672
2017-01-04T163000,275.2,281.1716632,5.971663245
2017-01-04T164500,275.2,279.1300591,3.930059056
2017-01-04T170000,276.8,280.1259333,3.325933259
2017-01-04T171500,273.6,275.1167096,1.516709617
2017-01-04T173000,280,277.5550883,-2.444911701
2017-01-04T174500,283.2,278.3028384,-4.89716161
2017-01-04T180000,281.6,278.2210559,-3.378944107
2017-01-04T181500,288,284.22836,-3.771640035
2017-01-04T183000,282.965744,276.4154087,-6.550335268
2017-01-04T184500,284.8753562,280.026948,-4.848408185
2017-01-04T190000,289.6,284.2209297,-5.379070268
2017-01-04T191500,276.8,269.5021654,-7.297834552
2017-01-04T193000,284.2910945,275.9159435,-8.375150984
2017-01-04T194500,302.8054054,294.0658355,-8.739569938
2017-01-04T200000,276.9240492,276.1281568,-0.795892374
2017-01-04T201500,270.4,270.8194967,0.419496687
2017-01-04T203000,282.8065352,278.1268709,-4.679664347
2017-01-04T204500,288.2908474,280.0987521,-8.192095348
2017-01-04T210000,284.5777324,270.9896461,-13.58808626
2017-01-04T211500,291.3712112,275.4655986,-15.90561264
2017-01-04T213000,291.2,275.703126,-15.49687396
2017-01-04T214500,301.9500924,280.4034388,-21.5466536
2017-01-04T220000,294.6924798,270.9498447,-23.74263509
2017-01-04T221500,300.8,283.5101619,-17.28983808
2017-01-04T223000,299.9600912,280.3393149,-19.62077628
2017-01-04T224500,292.7735089,270.3221311,-22.45137777
2017-01-04T230000,298.4314208,282.1045293,-16.3268915
2017-01-04T231500,300.6463828,284.3003058,-16.34607704
2017-01-04T233000,297.3179057,273.1181146,-24.19979111
2017-01-04T234500,309.3925895,284.8123177,-24.58027175
2017-01-05T000000,293.2595164,276.2660487,-16.99346767
2017-01-05T001500,293.2093644,278.7101761,-14.49918827
2017-01-05T003000,300.9269549,286.1487348,-14.77822011
2017-01-05T004500,298.1410107,283.2127844,-14.9282263
2017-01-05T010000,292.218913,277.6318293,-14.58708367
2017-01-05T011500,292.5611917,283.1825761,-9.378615582
2017-01-05T013000,293.9356741,287.8647018,-6.070972309
2017-01-05T014500,291.2942728,279.1403448,-12.15392798
2017-01-05T020000,276.8,272.861518,-3.938482005
2017-01-05T021500,283.0924777,282.0844388,-1.008038926
2017-01-05T023000,280,279.9836187,-0.016381321
2017-01-05T024500,281.2245246,274.953433,-6.271091644
2017-01-05T030000,273.6,273.9697225,0.369722494
2017-01-05T031500,276.9925948,277.4009936,0.40839879
2017-01-05T033000,279.8998662,279.6404777,-0.259388459
2017-01-05T034500,281.6,281.4419238,-0.158076223
2017-01-05T040000,276.7742881,283.7508926,6.976604454
2017-01-05T041500,275.2,281.4977703,6.297770299
2017-01-05T043000,264,266.3621128,2.362112799
2017-01-05T044500,272,272.2364518,0.236451767
2017-01-05T050000,257.9910334,258.208043,0.217009559
2017-01-05T051500,253.1630806,253.5947228,0.431642198
2017-01-05T053000,255.9345552,256.2681927,0.333637454
2017-01-05T054500,257.6,257.9991384,0.399138393
2017-01-05T060000,262.4,262.6397025,0.239702541
2017-01-05T061500,256,256.5610305,0.56103051
2017-01-05T063000,252.8,252.8,0
2017-01-05T064500,251.2,251.2346258,0.03462584
2017-01-05T070000,259.2,259.2935053,0.093505297
2017-01-05T071500,248,250.2000573,2.200057318
2017-01-05T073000,284.8,281.4063184,-3.393681561
2017-01-05T074500,291.2751886,286.2149659,-5.060222653
2017-01-05T080000,294.6433492,291.6613342,-2.982014986
2017-01-05T081500,297.6,291.4661856,-6.133814375
2017-01-05T083000,272,277.7736457,5.773645678
2017-01-05T084500,260.6225089,277.7095239,17.08701499
2017-01-05T090000,232.0558257,249.1239448,17.06811908
2017-01-05T091500,245.8910035,262.770895,16.87989155
2017-01-05T093000,244.9278502,261.5989429,16.6710927
2017-01-05T094500,241.1664546,257.8094928,16.64303821
2017-01-05T100000,243.6714133,260.2446312,16.57321788
2017-01-05T101500,233.8289457,250.3526529,16.52370719
2017-01-05T103000,230.7174312,247.251374,16.53394278
2017-01-05T104500,238.4,255.1085863,16.70858629
2017-01-05T110000,228.8,245.9134977,17.1134977
2017-01-05T111500,235.2,252.2133366,17.01333663
2017-01-05T113000,235.2,252.2922841,17.09228414
2017-01-05T114500,236.8,253.9225465,17.1225465
2017-01-05T120000,232,249.1229529,17.12295286
2017-01-05T121500,233.6,250.1645413,16.56454126
2017-01-05T123000,224,240.7710381,16.77103814
2017-01-05T124500,232,248.5653199,16.56531986
2017-01-05T130000,249.6,266.3633441,16.76334411
2017-01-05T131500,257.6,274.6847619,17.08476189
2017-01-05T133000,249.6,266.8904398,17.29043981
2017-01-05T134500,259.2,275.8583381,16.65833813
2017-01-05T140000,257.6,274.4541974,16.85419743
2017-01-05T141500,262.4,279.14102,16.74102004
2017-01-05T143000,270.4,285.5181041,15.11810406
2017-01-05T144500,273.6,285.8810413,12.2810413
2017-01-05T150000,264,278.5507591,14.55075905
2017-01-05T151500,264,274.5369425,10.5369425
2017-01-05T153000,272,280.3166749,8.316674888
2017-01-05T154500,275.2,282.5138738,7.313873751
2017-01-05T160000,283.2,289.5814788,6.381478771
2017-01-05T161500,270.4,274.3548711,3.954871086
2017-01-05T163000,280,285.8380323,5.838032255
2017-01-05T164500,281.6,283.9976102,2.397610173
2017-01-05T170000,283.2,285.0682267,1.868226657
2017-01-05T171500,283.2,283.2,0
2017-01-05T173000,286.4,281.9385666,-4.461433443
2017-01-05T174500,288,282.3611419,-5.638858147
2017-01-05T180000,291.2,288.1462613,-3.053738701
2017-01-05T181500,286.4,282.5957448,-3.804255225
2017-01-05T183000,284.8428238,279.3498926,-5.492931171
2017-01-05T184500,286.5503003,281.3597468,-5.190553515
2017-01-05T190000,289.6,284.8705955,-4.729404503
2017-01-05T191500,289.6,284.9460637,-4.653936303
2017-01-05T193000,283.2,277.2846314,-5.915368633
2017-01-05T194500,291.2,288.0129673,-3.187032724
2017-01-05T200000,278.4,271.5558284,-6.844171562
2017-01-05T201500,270.4,259.7912565,-10.60874348
2017-01-05T203000,284.8,270.9818418,-13.81815819
2017-01-05T204500,299.0513041,285.8775359,-13.17376819
2017-01-05T210000,296,284.2116844,-11.78831562
2017-01-05T211500,288.4076575,274.3768984,-14.03075908
2017-01-05T213000,298.2674152,286.2996168,-11.96779845
2017-01-05T214500,298.715647,282.4935797,-16.22206731
2017-01-05T220000,310.846707,294.6525448,-16.19416219
2017-01-05T221500,298.4819263,280.0214268,-18.46049952
2017-01-05T223000,296.0578053,278.4601604,-17.59764492
2017-01-05T224500,297.7456911,280.4913633,-17.25432783
2017-01-05T230000,293.3424348,275.8360721,-17.50636269
2017-01-05T231500,296.0087528,276.7860079,-19.22274488
2017-01-05T233000,302.8359413,282.8251329,-20.01080843
2017-01-05T234500,297.6867778,277.2109526,-20.47582518
2017-01-06T000000,301.9299942,288.5304833,-13.39951091
2017-01-06T001500,295.1065454,281.7271292,-13.37941623
2017-01-06T003000,297.6,284.0231421,-13.57685787
2017-01-06T004500,302.6400072,289.0298402,-13.610167
2017-01-06T010000,294.2702784,282.0449065,-12.22537187
2017-01-06T011500,293.5011821,284.3491367,-9.152045437
2017-01-06T013000,289.6032072,280.9080851,-8.695122141
2017-01-06T014500,297.9198826,290.4847863,-7.435096324
2017-01-06T020000,288.7634556,283.7720814,-4.991374153
2017-01-06T021500,276.8,271.7845357,-5.015464252
2017-01-06T023000,291.2,290.452485,-0.747514958
2017-01-06T024500,299.2,294.9306209,-4.269379099
2017-01-06T030000,278.4,279.7008682,1.300868226
2017-01-06T031500,288,291.6701405,3.670140462
2017-01-06T033000,281.6,283.1455271,1.545527078
2017-01-06T034500,291.2,295.8095077,4.609507733
2017-01-06T040000,288,291.3128098,3.312809793
2017-01-06T041500,278.4,287.4528971,9.052897111
2017-01-06T043000,281.6,289.8289999,8.228999866
2017-01-06T044500,276.8,280.6868514,3.886851392
2017-01-06T050000,267.2,267.2,0
2017-01-06T051500,264,264,0
2017-01-06T053000,267.2,267.2,0
2017-01-06T054500,272,272,0
2017-01-06T060000,267.2,267.2,0
2017-01-06T061500,268.8,268.8,0
2017-01-06T063000,267.2,263.7492024,-3.450797639
2017-01-06T064500,267.2,263.7570957,-3.442904342
2017-01-06T070000,260.8,257.2366454,-3.563354649
2017-01-06T071500,264,259.9975351,-4.002464879
2017-01-06T073000,291.2,289.1923641,-2.007635926
2017-01-06T074500,296.1976968,288.5410984,-7.656598436
2017-01-06T080000,299.9457476,290.9661538,-8.979593799
2017-01-06T081500,308.8331501,299.9601626,-8.872987549
2017-01-06T083000,275.9416797,275.9416797,0
2017-01-06T084500,269.2726601,285.2574677,15.98480762
2017-01-06T090000,250.1380532,271.9529932,21.81494004
2017-01-06T091500,254.4108617,276.2679398,21.85707814
2017-01-06T093000,250.2093613,272.14855,21.93918869
2017-01-06T094500,249.3412546,270.9830293,21.64177474
2017-01-06T100000,255.6365151,277.2200568,21.58354175
2017-01-06T101500,241.761394,263.4196695,21.65827545
2017-01-06T103000,243.13668,264.6770232,21.54034316
2017-01-06T104500,232.6030477,254.0932195,21.49017182
2017-01-06T110000,238.196564,259.176181,20.97961703
2017-01-06T111500,233.6,254.7102433,21.11024326
2017-01-06T113000,246.4,267.1085223,20.70852226
2017-01-06T114500,240,261.0330343,21.0330343
2017-01-06T120000,241.6,261.9701846,20.37018465
2017-01-06T121500,236.8,257.4603133,20.66031332
2017-01-06T123000,238.4,258.6656698,20.26566982
2017-01-06T124500,236.8,256.9977385,20.19773847
2017-01-06T130000,260.8,280.8159672,20.01596716
2017-01-06T131500,267.2,284.9774123,17.77741234
2017-01-06T133000,265.6,282.89012,17.29011996
2017-01-06T134500,270.4,287.8942346,17.49423464
2017-01-06T140000,267.2,284.0897419,16.88974194
2017-01-06T141500,270.4,279.4463388,9.046338808
2017-01-06T143000,268.8,276.9098711,8.109871085
2017-01-06T144500,286.4,295.7112813,9.311281311
2017-01-06T150000,272,277.3607477,5.360747736
2017-01-06T151500,280,283.0213105,3.021310473
2017-01-06T153000,283.2,283.2,0
2017-01-06T154500,284.8,283.100906,-1.699093964
2017-01-06T160000,280,278.7557249,-1.24427507
2017-01-06T161500,280,280,0
2017-01-06T163000,281.6,280.5265904,-1.073409584
2017-01-06T164500,291.4006313,288.2674,-3.13323131
2017-01-06T170000,280,274.644221,-5.355779037
2017-01-06T171500,288.1649481,285.8981342,-2.266813934
2017-01-06T173000,291.6074672,284.1917781,-7.415689131
2017-01-06T174500,296.4194298,286.3898692,-10.02956063
2017-01-06T180000,291.3021715,280.5877858,-10.71438566
2017-01-06T181500,288,280.6158843,-7.384115679
2017-01-06T183000,288.5497666,282.1802851,-6.36948155
2017-01-06T184500,292.9186038,286.5649184,-6.35368539
2017-01-06T190000,295.9318543,288.5078346,-7.424019651
2017-01-06T191500,296,289.282272,-6.717727981
2017-01-06T193000,283.7444966,271.8543435,-11.89015309
2017-01-06T194500,297.8552505,289.9661438,-7.889106687
2017-01-06T200000,286.9747758,291.5199877,4.545211868
2017-01-06T201500,283.2,282.3046665,-0.895333531
2017-01-06T203000,286.4100245,276.4006855,-10.00933896
2017-01-06T204500,291.2220434,282.4098136,-8.812229775
2017-01-06T210000,297.7730947,290.5943163,-7.178778392
2017-01-06T211500,294.595952,284.2352928,-10.3606592
2017-01-06T213000,310.0225357,292.2111011,-17.81143462
2017-01-06T214500,309.2851003,288.3901821,-20.89491819
2017-01-06T220000,309.2016676,288.3736512,-20.82801637
2017-01-06T221500,309.9451453,292.8725955,-17.07254979
2017-01-06T223000,308.6254299,292.2891225,-16.33630739
2017-01-06T224500,317.9471606,299.4134024,-18.53375824
2017-01-06T230000,295.460034,277.5696911,-17.89034292
2017-01-06T231500,296.6516828,285.1392781,-11.51240466
2017-01-06T233000,311.6958759,299.8208175,-11.87505839
2017-01-06T234500,303.248493,284.5637538,-18.68473923
2017-01-07T000000,290.0877443,276.7494171,-13.33832721
2017-01-07T001500,295.0087979,286.8064755,-8.202322406
2017-01-07T003000,300.7598396,290.1730564,-10.58678322
2017-01-07T004500,298.8364216,283.4923665,-15.34405509
2017-01-07T010000,295.1777858,280.8067298,-14.37105603
2017-01-07T011500,293.893018,284.9025074,-8.990510623
2017-01-07T013000,283.2,276.3530073,-6.846992679
2017-01-07T014500,294.7526849,287.9280156,-6.824669258
2017-01-07T020000,278.3951505,274.2743659,-4.120784553
2017-01-07T021500,275.7255284,270.3368248,-5.388703557
2017-01-07T023000,283.2,278.0169793,-5.183020666
2017-01-07T024500,286.4,281.801672,-4.598327986
2017-01-07T030000,272,272.0934859,0.09348588
2017-01-07T031500,270.4,271.9591912,1.559191153
2017-01-07T033000,283.2,287.2643016,4.064301556
2017-01-07T034500,278.4,279.7246638,1.324663754
2017-01-07T040000,276.8,283.3206495,6.520649491
2017-01-07T041500,272,282.94143,10.94142996
2017-01-07T043000,267.2,275.5831049,8.383104931
2017-01-07T044500,265.6,270.239199,4.639198982
2017-01-07T050000,252.8,256.6898821,3.889882119
2017-01-07T051500,257.6,260.4736784,2.873678396
2017-01-07T053000,256,256,0
2017-01-07T054500,262.4,262.4,0
2017-01-07T060000,256,256,0
2017-01-07T061500,257.6,257.6,0
2017-01-07T063000,256,252.4995531,-3.500446891
2017-01-07T064500,251.2,247.6250075,-3.574992461
2017-01-07T070000,246.4,242.9320949,-3.467905115
2017-01-07T071500,245.7755839,241.9036368,-3.871947127
2017-01-07T073000,280.3173676,275.4114266,-4.905940974
2017-01-07T074500,285.7584927,281.5810666,-4.177426144
2017-01-07T080000,288,280.480443,-7.519557041
2017-01-07T081500,289.6,282.2218365,-7.378163522
2017-01-07T083000,267.2,282.9525316,15.75253157
2017-01-07T084500,255.9207866,272.667091,16.74630444
2017-01-07T090000,235.1837714,251.8685869,16.68481554
2017-01-07T091500,234.8176272,251.414637,16.59700977
2017-01-07T093000,240.9625191,257.4364071,16.47388796
2017-01-07T094500,231.5612007,247.9679824,16.40678171
2017-01-07T100000,232.9164947,249.1355691,16.21907439
2017-01-07T101500,225.4415555,241.5551081,16.11355257
2017-01-07T103000,226.0462275,242.0445783,15.9983508
2017-01-07T104500,228.6319833,244.5094098,15.87742652
2017-01-07T110000,223.964277,239.7956291,15.83135209
2017-01-07T111500,222.4,238.1148775,15.71487753
2017-01-07T113000,220.8,236.195328,15.39532801
2017-01-07T114500,225.6,240.5541163,14.95411634
2017-01-07T120000,227.2,241.9751626,14.77516259
2017-01-07T121500,217.6,232.3889271,14.7889271
2017-01-07T123000,217.6,231.762524,14.16252397
2017-01-07T124500,220.8,234.7457603,13.94576031
2017-01-07T130000,244.8,258.30303,13.50303002
2017-01-07T131500,252.8,266.7183487,13.91834866
2017-01-07T133000,244.8,258.7703065,13.97030648
2017-01-07T134500,252.8,265.9856581,13.18565807
2017-01-07T140000,248,260.8940798,12.89407983
2017-01-07T141500,249.6,262.3972602,12.79726019
2017-01-07T143000,250.6708013,263.6289376,12.9581363
2017-01-07T144500,264.3138228,276.5819362,12.26811342
2017-01-07T150000,250.4506812,261.9601981,11.50951685
2017-01-07T151500,251.2,259.568034,8.368033997
2017-01-07T153000,267.2,275.680463,8.480462984
2017-01-07T154500,268.8,276.952163,8.152162972
2017-01-07T160000,273.6,280.5647182,6.964718199
2017-01-07T161500,268.8,272.3140996,3.514099625
2017-01-07T163000,278.4,280.9596731,2.559673082
2017-01-07T164500,275.2,277.4822338,2.282233752
2017-01-07T170000,280,282.3506963,2.350696327
2017-01-07T171500,275.2,276.2992351,1.09923514
2017-01-07T173000,280,281.2771281,1.277128135
2017-01-07T174500,286.4,287.6264608,1.226460846
2017-01-07T180000,281.6,282.5961552,0.996155214
2017-01-07T181500,288,288,0
2017-01-07T183000,288,286.9658899,-1.034110118
2017-01-07T184500,294.4994736,292.8915176,-1.607955983
2017-01-07T190000,294.4624488,289.3417261,-5.120722673
2017-01-07T191500,289.6,286.8849421,-2.715057913
2017-01-07T193000,289.6,285.7920936,-3.807906385
2017-01-07T194500,299.2,293.7437265,-5.456273488
2017-01-07T200000,281.6640511,279.8900964,-1.773954701
2017-01-07T201500,276.8,271.6803066,-5.119693429
2017-01-07T203000,294.4,288.8354878,-5.564512163
2017-01-07T204500,304.2114397,293.8144088,-10.3970309
2017-01-07T210000,304.1948759,292.9044876,-11.29038826
2017-01-07T211500,302.6959505,285.6992033,-16.9967472
2017-01-07T213000,315.8202095,297.6317976,-18.18841193
2017-01-07T214500,309.6987883,288.1089888,-21.58979949
2017-01-07T220000,317.8558179,298.0432245,-19.81259335
2017-01-07T221500,311.6607543,291.3607006,-20.30005372
2017-01-07T223000,314.7207624,296.1339959,-18.58676648
2017-01-07T224500,318.3435268,295.6226095,-22.72091726
2017-01-07T230000,298.6165291,282.1610667,-16.45546237
2017-01-07T231500,307.4151267,297.076681,-10.33844572
2017-01-07T233000,310.1786891,293.714345,-16.46434412
2017-01-07T234500,308.7296167,290.824034,-17.90558274
